-- phpMyAdmin SQL Dump
-- version 5.2.0
-- https://www.phpmyadmin.net/
--
-- Host: 127.0.0.1
-- Generation Time: Jul 16, 2022 at 07:27 PM
-- Server version: 10.4.24-MariaDB
-- PHP Version: 8.1.6

SET SQL_MODE = "NO_AUTO_VALUE_ON_ZERO";
START TRANSACTION;
SET time_zone = "+00:00";


/*!40101 SET @OLD_CHARACTER_SET_CLIENT=@@CHARACTER_SET_CLIENT */;
/*!40101 SET @OLD_CHARACTER_SET_RESULTS=@@CHARACTER_SET_RESULTS */;
/*!40101 SET @OLD_COLLATION_CONNECTION=@@COLLATION_CONNECTION */;
/*!40101 SET NAMES utf8mb4 */;

--
-- Database: `fow`
--

-- --------------------------------------------------------

--
-- Table structure for table `brands`
--

CREATE TABLE `brands` (
  `brand_id` int(11) NOT NULL,
  `brand_name` varchar(100) NOT NULL
) ENGINE=InnoDB DEFAULT CHARSET=latin1;

--
-- Dumping data for table `brands`
--

INSERT INTO `brands` (`brand_id`, `brand_name`) VALUES
(2, 'Eden fruits'),
(3, 'FoW'),
(4, 'fruityfruits');

-- --------------------------------------------------------

--
-- Table structure for table `cart`
--

CREATE TABLE `cart` (
  `p_id` int(11) NOT NULL,
  `ip_add` varchar(50) NOT NULL,
  `c_id` int(11) DEFAULT NULL,
  `qty` int(11) NOT NULL
) ENGINE=InnoDB DEFAULT CHARSET=latin1;

--
-- Dumping data for table `cart`
--

INSERT INTO `cart` (`p_id`, `ip_add`, `c_id`, `qty`) VALUES
(4, '::1', 1, 0),
(3, '::1', 1, 1);

-- --------------------------------------------------------

--
-- Table structure for table `categories`
--

CREATE TABLE `categories` (
  `cat_id` int(11) NOT NULL,
  `cat_name` varchar(100) NOT NULL
) ENGINE=InnoDB DEFAULT CHARSET=latin1;

--
-- Dumping data for table `categories`
--

INSERT INTO `categories` (`cat_id`, `cat_name`) VALUES
(1, 'Local'),
(2, 'Exotic'),
(7, 'frutera'),
(8, 'rare');

-- --------------------------------------------------------

--
-- Table structure for table `customer`
--

CREATE TABLE `customer` (
  `customer_id` int(11) NOT NULL,
  `customer_name` varchar(100) NOT NULL,
  `customer_email` varchar(50) NOT NULL,
  `customer_pass` varchar(150) NOT NULL,
  `customer_country` varchar(30) NOT NULL,
  `customer_city` varchar(30) NOT NULL,
  `customer_contact` varchar(15) NOT NULL,
  `customer_image` varchar(100) DEFAULT NULL,
  `user_role` int(11) NOT NULL
) ENGINE=InnoDB DEFAULT CHARSET=latin1;

--
-- Dumping data for table `customer`
--

INSERT INTO `customer` (`customer_id`, `customer_name`, `customer_email`, `customer_pass`, `customer_country`, `customer_city`, `customer_contact`, `customer_image`, `user_role`) VALUES
(1, 'Richida Pokuaa Gyimah', 'gyimahrichida@gmail.com', '319f4d26e3c536b5dd871bb2c52e3178', 'Ghana', 'Accra', '0542885046', NULL, 1),
(2, 'xx', 'qsd', 'b19114175dddde482a8a8064a4e59d0e', 'ss', 'ss', 'ss', NULL, 2);

-- --------------------------------------------------------

--
-- Table structure for table `orderdetails`
--

CREATE TABLE `orderdetails` (
  `order_id` int(11) NOT NULL,
  `product_id` int(11) NOT NULL,
  `qty` int(11) NOT NULL
) ENGINE=InnoDB DEFAULT CHARSET=latin1;

--
-- Dumping data for table `orderdetails`
--

INSERT INTO `orderdetails` (`order_id`, `product_id`, `qty`) VALUES
(5, 4, 0),
(5, 3, 1);

-- --------------------------------------------------------

--
-- Table structure for table `orders`
--

CREATE TABLE `orders` (
  `order_id` int(11) NOT NULL,
  `customer_id` int(11) NOT NULL,
  `invoice_no` int(11) NOT NULL,
  `order_date` date NOT NULL,
  `order_status` varchar(100) NOT NULL
) ENGINE=InnoDB DEFAULT CHARSET=latin1;

--
-- Dumping data for table `orders`
--

INSERT INTO `orders` (`order_id`, `customer_id`, `invoice_no`, `order_date`, `order_status`) VALUES
(1, 1, 7368, '2022-07-16', 'Not fulfil'),
(2, 1, 4890, '2022-07-16', 'Not fulfil'),
(3, 1, 7721, '2022-07-16', 'Not fulfil'),
(4, 1, 5452, '2022-07-16', 'Not fulfil'),
(5, 1, 9764, '2022-07-16', 'Not fulfil');

-- --------------------------------------------------------

--
-- Table structure for table `payment`
--

CREATE TABLE `payment` (
  `pay_id` int(11) NOT NULL,
  `amt` double NOT NULL,
  `customer_id` int(11) NOT NULL,
  `order_id` int(11) NOT NULL,
  `currency` text NOT NULL,
  `payment_date` date NOT NULL
) ENGINE=InnoDB DEFAULT CHARSET=latin1;

--
-- Dumping data for table `payment`
--

INSERT INTO `payment` (`pay_id`, `amt`, `customer_id`, `order_id`, `currency`, `payment_date`) VALUES
(1, 1, 1, 1, 'GHS', '2022-07-16'),
(2, 1, 1, 2, 'GHS', '2022-07-16'),
(3, 1, 1, 3, 'GHS', '2022-07-16'),
(4, 1, 1, 4, 'GHS', '2022-07-16'),
(5, 1, 1, 5, 'GHS', '2022-07-16');

-- --------------------------------------------------------

--
-- Table structure for table `products`
--

CREATE TABLE `products` (
  `product_id` int(11) NOT NULL,
  `product_cat` int(11) NOT NULL,
  `product_brand` int(11) NOT NULL,
  `product_title` varchar(200) NOT NULL,
  `product_price` double NOT NULL,
  `product_desc` varchar(500) DEFAULT NULL,
  `product_image` varchar(100) DEFAULT NULL,
  `product_keywords` varchar(100) DEFAULT NULL
) ENGINE=InnoDB DEFAULT CHARSET=latin1;

--
-- Dumping data for table `products`
--

INSERT INTO `products` (`product_id`, `product_cat`, `product_brand`, `product_title`, `product_price`, `product_desc`, `product_image`, `product_keywords`) VALUES
(3, 1, 3, 'Fruit salad', 1, 'Fruit salad ', '../images/fruit salad.jpg', 'fruit,salad'),
(4, 2, 4, 'fruit juice', 2, 'Pure natural fruit juice', '../images/cup juice.jfif', 'juice,fruit,natural'),
(5, 7, 2, 'Banana smoothies', 1, 'Blended banana fresh milk', '../images/banana smoothies.jfif', 'banana, smoothies'),
(6, 7, 3, 'Popsicles', 1, 'frozen fruit ice cream', '../images/popsicles.jfif', 'popsicles, frozen'),
(7, 2, 3, 'Strawberry smoothies', 1, 'blended strawberry ', '../images/strawberry smoothies.jfif', 'fresh,milk'),
(8, 2, 3, 'Tropical', 1, 'exotic fruits', '../images/tropical smoothies.jfif', 'smoothies,'),
(9, 1, 3, 'Fruit cut', 1, 'Cut fruits ', '../images/fruit cup.jpeg', 'mix, fruit'),
(10, 1, 3, 'fruit juice', 1, 'Orange juice', '../images/orange juice.jfif', 'juice,drink'),
(11, 7, 4, 'fruit basket', 1, 'fruit bowl', '../images/fruitbowl.jpeg', 'fruit, assorted');

--
-- Indexes for dumped tables
--

--
-- Indexes for table `brands`
--
ALTER TABLE `brands`
  ADD PRIMARY KEY (`brand_id`);

--
-- Indexes for table `cart`
--
ALTER TABLE `cart`
  ADD KEY `p_id` (`p_id`),
  ADD KEY `c_id` (`c_id`);

--
-- Indexes for table `categories`
--
ALTER TABLE `categories`
  ADD PRIMARY KEY (`cat_id`);

--
-- Indexes for table `customer`
--
ALTER TABLE `customer`
  ADD PRIMARY KEY (`customer_id`),
  ADD UNIQUE KEY `customer_email` (`customer_email`);

--
-- Indexes for table `orderdetails`
--
ALTER TABLE `orderdetails`
  ADD KEY `order_id` (`order_id`),
  ADD KEY `product_id` (`product_id`);

--
-- Indexes for table `orders`
--
ALTER TABLE `orders`
  ADD PRIMARY KEY (`order_id`),
  ADD KEY `customer_id` (`customer_id`);

--
-- Indexes for table `payment`
--
ALTER TABLE `payment`
  ADD PRIMARY KEY (`pay_id`),
  ADD KEY `customer_id` (`customer_id`),
  ADD KEY `order_id` (`order_id`);

--
-- Indexes for table `products`
--
ALTER TABLE `products`
  ADD PRIMARY KEY (`product_id`),
  ADD KEY `product_cat` (`product_cat`),
  ADD KEY `product_brand` (`product_brand`);

--
-- AUTO_INCREMENT for dumped tables
--

--
-- AUTO_INCREMENT for table `brands`
--
ALTER TABLE `brands`
  MODIFY `brand_id` int(11) NOT NULL AUTO_INCREMENT, AUTO_INCREMENT=5;

--
-- AUTO_INCREMENT for table `categories`
--
ALTER TABLE `categories`
  MODIFY `cat_id` int(11) NOT NULL AUTO_INCREMENT, AUTO_INCREMENT=20;

--
-- AUTO_INCREMENT for table `customer`
--
ALTER TABLE `customer`
  MODIFY `customer_id` int(11) NOT NULL AUTO_INCREMENT, AUTO_INCREMENT=3;

--
-- AUTO_INCREMENT for table `orders`
--
ALTER TABLE `orders`
  MODIFY `order_id` int(11) NOT NULL AUTO_INCREMENT, AUTO_INCREMENT=6;

--
-- AUTO_INCREMENT for table `payment`
--
ALTER TABLE `payment`
  MODIFY `pay_id` int(11) NOT NULL AUTO_INCREMENT, AUTO_INCREMENT=6;

--
-- AUTO_INCREMENT for table `products`
--
ALTER TABLE `products`
  MODIFY `product_id` int(11) NOT NULL AUTO_INCREMENT, AUTO_INCREMENT=12;

--
-- Constraints for dumped tables
--

--
-- Constraints for table `cart`
--
ALTER TABLE `cart`
  ADD CONSTRAINT `cart_ibfk_1` FOREIGN KEY (`p_id`) REFERENCES `products` (`product_id`) ON DELETE CASCADE ON UPDATE CASCADE,
  ADD CONSTRAINT `cart_ibfk_2` FOREIGN KEY (`c_id`) REFERENCES `customer` (`customer_id`) ON DELETE CASCADE ON UPDATE CASCADE;

--
-- Constraints for table `orderdetails`
--
ALTER TABLE `orderdetails`
  ADD CONSTRAINT `orderdetails_ibfk_1` FOREIGN KEY (`order_id`) REFERENCES `orders` (`order_id`) ON DELETE CASCADE ON UPDATE CASCADE,
  ADD CONSTRAINT `orderdetails_ibfk_2` FOREIGN KEY (`product_id`) REFERENCES `products` (`product_id`) ON DELETE CASCADE ON UPDATE CASCADE;

--
-- Constraints for table `orders`
--
ALTER TABLE `orders`
  ADD CONSTRAINT `orders_ibfk_1` FOREIGN KEY (`customer_id`) REFERENCES `customer` (`customer_id`) ON DELETE CASCADE ON UPDATE CASCADE;

--
-- Constraints for table `payment`
--
ALTER TABLE `payment`
  ADD CONSTRAINT `payment_ibfk_1` FOREIGN KEY (`customer_id`) REFERENCES `customer` (`customer_id`) ON DELETE CASCADE ON UPDATE CASCADE,
  ADD CONSTRAINT `payment_ibfk_2` FOREIGN KEY (`order_id`) REFERENCES `orders` (`order_id`) ON DELETE CASCADE ON UPDATE CASCADE;

--
-- Constraints for table `products`
--
ALTER TABLE `products`
  ADD CONSTRAINT `products_ibfk_1` FOREIGN KEY (`product_cat`) REFERENCES `categories` (`cat_id`) ON DELETE CASCADE ON UPDATE CASCADE,
  ADD CONSTRAINT `products_ibfk_2` FOREIGN KEY (`product_brand`) REFERENCES `brands` (`brand_id`) ON DELETE CASCADE ON UPDATE CASCADE;
COMMIT;

/*!40101 SET CHARACTER_SET_CLIENT=@OLD_CHARACTER_SET_CLIENT */;
/*!40101 SET CHARACTER_SET_RESULTS=@OLD_CHARACTER_SET_RESULTS */;
/*!40101 SET COLLATION_CONNECTION=@OLD_COLLATION_CONNECTION */;
